Accuracy,Precision,Recall,F1,AUC-ROC,Average Precision
0.9566666666666667,0.8888888888888888,0.8333333333333334,0.8602150537634409,0.9712714947089947,0.9260866912128707
